{"CE loss":0.3562694787979126,"_wandb":{"runtime":548},"_runtime":548,"Accuracy":0.8361843824386597,"AUC":0.7323602437973022,"DP":0.21349124748950887,"_timestamp":1.7689823066043663e+09,"_step":32560}