{"DP":0.20528266520903338,"_wandb":{"runtime":415},"_runtime":415,"_timestamp":1.7689562376408763e+09,"_step":32560,"CE loss":0.3625872731208801,"Accuracy":0.8330518007278442,"AUC":0.7295135259628296}