{"CE loss":0.3531579375267029,"Accuracy":0.8354473114013672,"AUC":0.7217298746109009,"DP":0.20874497747316587,"_timestamp":1.7689403749503145e+09,"_wandb":{"runtime":795},"_runtime":795,"_step":32560}