{"_runtime":805,"_step":32560,"CE loss":0.3545222282409668,"Accuracy":0.8360615372657776,"AUC":0.7216989994049072,"DP":0.18748644280451704,"_timestamp":1.7689472978574076e+09,"_wandb":{"runtime":805}}