{"_step":32560,"CE loss":0.3578943610191345,"_wandb":{"runtime":779},"_runtime":779,"Accuracy":0.8343110084533691,"AUC":0.7179771661758423,"DP":0.19023637357787124,"_timestamp":1.7689521878125896e+09}