{"DP":0.20208737883313127,"_timestamp":1.7689448987279673e+09,"_step":32560,"_wandb":{"runtime":778},"_runtime":778,"CE loss":0.3533173203468323,"Accuracy":0.8345873951911926,"AUC":0.7175931930541992}