{"_step":32560,"CE loss":0.35294419527053833,"Accuracy":0.8337274789810181,"_wandb":{"runtime":602},"_runtime":602,"AUC":0.716156005859375,"DP":0.18461105830849917,"_timestamp":1.768944111007067e+09}