{"AUC":0.7349206209182739,"DP":0.20951489622351657,"_wandb":{"runtime":614},"_runtime":614,"_timestamp":1.768982928924847e+09,"_step":32560,"CE loss":0.35564687848091125,"Accuracy":0.8380885124206543}