{"_step":32560,"CE loss":0.35209113359451294,"Accuracy":0.836675763130188,"AUC":0.7246288657188416,"_wandb":{"runtime":851},"_runtime":851,"DP":0.20354583161855627,"_timestamp":1.76895094785521e+09}