{"_runtime":419,"_step":32560,"CE loss":0.35684362053871155,"Accuracy":0.8344338536262512,"AUC":0.7266792058944702,"DP":0.19685004807624915,"_timestamp":1.7689526195060925e+09,"_wandb":{"runtime":419}}