{"_step":32560,"CE loss":0.35386309027671814,"Accuracy":0.8367372155189514,"AUC":0.7257143259048462,"DP":0.19677788363864712,"_timestamp":1.7689464814763215e+09,"_wandb":{"runtime":780},"_runtime":780}