{"AUC":0.713533341884613,"DP":0.21026637441851856,"_timestamp":1.7689456917009585e+09,"_wandb":{"runtime":776},"_runtime":776,"_step":32560,"CE loss":0.3606918156147003,"Accuracy":0.8313319683074951}