{"DP":0.158295405851783,"_timestamp":1.7689877749996111e+09,"_step":32560,"_wandb":{"runtime":580},"_runtime":580,"CE loss":0.3964671790599823,"Accuracy":0.8135499358177185,"AUC":0.662983775138855}