{"_timestamp":1.7689809197719285e+09,"_wandb":{"runtime":0},"_runtime":0,"_step":4,"CE loss":2.821357250213623,"Accuracy":0,"AUC":0,"DP":0}