{"AUC":0.7276475429534912,"DP":0.19866370737224687,"_timestamp":1.7689534040182822e+09,"_step":32560,"CE loss":0.3486718237400055,"Accuracy":0.8376892805099487,"_wandb":{"runtime":775},"_runtime":775}