{"CE loss":0.3546970784664154,"Accuracy":0.8363379240036011,"AUC":0.7190073132514954,"DP":0.18517761965919996,"_timestamp":1.7689546110773108e+09,"_runtime":769,"_wandb":{"runtime":769},"_step":32560}