{"_runtime":547,"Accuracy":0.8350480794906616,"AUC":0.7321779727935791,"DP":0.2155500749914497,"_timestamp":1.7689834821064942e+09,"_step":32560,"CE loss":0.3572162985801697,"_wandb":{"runtime":547}}