{"Accuracy":0.8352630734443665,"AUC":0.7203022837638855,"DP":0.18226570769529743,"_timestamp":1.768955812826072e+09,"_step":32560,"CE loss":0.3552292287349701,"_wandb":{"runtime":769},"_runtime":769}