{"Accuracy":0.7585455179214478,"AUC":0.5180366039276123,"DP":0.004503381315277725,"_wandb":{"runtime":585},"_runtime":585,"_timestamp":1.76898648838231e+09,"_step":32560,"CE loss":0.6608777642250061}