{"Accuracy":0.8326525688171387,"AUC":0.7154480814933777,"DP":0.1894081932392953,"_timestamp":1.7689411587307556e+09,"_wandb":{"runtime":772},"_runtime":772,"_step":32560,"CE loss":0.3591727912425995}