{"_timestamp":1.76895139843753e+09,"_step":32560,"CE loss":0.3583984971046448,"_wandb":{"runtime":443},"_runtime":443,"Accuracy":0.8343724012374878,"AUC":0.7276401519775391,"DP":0.20793190151737906}