{"_wandb":{"runtime":0},"_runtime":0,"DP":1,"_timestamp":1.768980930497042e+09,"_step":4,"CE loss":0.8811707496643066,"Accuracy":0.20000000298023224,"AUC":0}