{"_wandb":{"runtime":0},"_runtime":0,"_step":4,"CE loss":1.7461168766021729,"Accuracy":0,"AUC":0,"DP":0,"_timestamp":1.7689809094793475e+09}