{"AUC":0.722832441329956,"DP":0.18870652329106477,"_timestamp":1.7689481062163453e+09,"_step":32560,"CE loss":0.35530558228492737,"_wandb":{"runtime":801},"_runtime":801,"Accuracy":0.8356008529663086}