{"DP":0.20187030605740286,"_timestamp":1.7689550359280918e+09,"_wandb":{"runtime":415},"_runtime":415,"_step":32560,"CE loss":0.3561607301235199,"Accuracy":0.8349252343177795,"AUC":0.7286137938499451}