{"_timestamp":1.7689846250355587e+09,"_wandb":{"runtime":554},"_runtime":554,"_step":32560,"CE loss":0.3565319776535034,"Accuracy":0.8363686800003052,"AUC":0.7328735589981079,"DP":0.2102961272831212}