{"AUC":0.7291181683540344,"DP":0.2014793177113822,"_timestamp":1.7689538312413318e+09,"_wandb":{"runtime":417},"_runtime":417,"_step":32560,"CE loss":0.35525187849998474,"Accuracy":0.8322533369064331}