{"_step":32560,"CE loss":0.35478323698043823,"_wandb":{"runtime":541},"_runtime":541,"Accuracy":0.8367679119110107,"AUC":0.7338331341743469,"DP":0.21186175940537558,"_timestamp":1.7689817503396876e+09}