{"_wandb":{"runtime":529},"_runtime":529,"CE loss":0.3515397012233734,"Accuracy":0.8378735184669495,"AUC":0.7352579236030579,"DP":0.204186525876492,"_timestamp":1.7689840212222257e+09,"_step":32560}